450,Cat Bench Curved,Benches_and_Tables,"18""","65""",,,,"H18"" W65"" D20""",450.png,215.jpg,Giannini,
501,English Garden Bench,Benches_and_Tables,"16""","18""",,,,"39"" l x 18"" w x 16"" h",501.png,29.jpg,Giannini,
508,English Garden Table,Benches_and_Tables,"30""","27""",,,,"30"" h x 27"" w x 39"" l",508.png,29.jpg,Giannini,
514,Portico Curved Bench,Benches_and_Tables,"18""",,,,,"52"" l x 18"" h",514.png,29.jpg,Giannini,
513,Portico Straight Bench,Benches_and_Tables,"18""",,,,,"42"" l x 18"" h",513.png,29.jpg,Giannini,
515,Portico Small Curved Bench,Benches_and_Tables,"18""",,,,,"29"" l x 18"" h",515.png,29.jpg,Giannini,
506,Pergola Garden Table,Benches_and_Tables,"30""","42"" d",,,,"30"" h x 42"" d",506.png,31.jpg,Giannini,
503,Pergola Angled Bench,Benches_and_Tables,,"14"" w",,,,"48"" l x 14"" w x 18"" h",503.png,31.jpg,Giannini,
504,Pergola Straight Bench,Benches_and_Tables,,"14"" w",,,,"51"" l x 14"" w x 18"" h",504.png,31.jpg,Giannini,
509,Adriatic Bench,Benches_and_Tables,"34""","51""",,,,"34"" h x 51"" l",509.png,32.jpg,Giannini,
509L,Adriatic Bench Long,Benches_and_Tables,"34""","68""",,,,"34"" h x 68"" l",509L.png,32.jpg,Giannini,
510,Italian Garden Bench,Benches_and_Tables,"34""","51""",,,,"34"" h x 51"" l",510.png,32.jpg,Giannini,
510L,Italian Garden Bench Long,Benches_and_Tables,"34""","68""",,,,"34"" h x 68"" l",510L.png,32.jpg,Giannini,
522,Green Man Bench,Benches_and_Tables,,"62"" l",,,,"62""l x 35"" h",522.png,33.jpg,Giannini,
523,San Marco Bench,Benches_and_Tables,,"77"" l",,,,"77""l x 35"" h",523.png,33.jpg,Giannini,
526,Frog Bench,Benches_and_Tables,"14""","18""",,,,"55"" l x 14"" h x 18"" w",526.png,34.jpg,Giannini,
525,Toad Bench,Benches_and_Tables,"20""","29""",,,,"58"" l x 20"" h x 29"" w",525.png,34.jpg,Giannini,
527,Turtle Bench,Benches_and_Tables,"13""","16""",,,,"58"" l x 13"" h x 16"" w",527.png,34.jpg,Giannini,
528,Squirrel Bench,Benches_and_Tables,,,"13""",,,"55""l x 13"" b x 16"" w",528.png,35.jpg,Giannini,
529,Crocodile Bench,Benches_and_Tables,,,"13""",,,"55"" l x 13"" b x 16"" w",529.png,35.jpg,Giannini,
555,Crocodile Lawn Orn. Open Mouth,Benches_and_Tables,,"12""",,,,"55"" l x 12"" w",555.png,35.jpg,Giannini,
556,Crocodile Lawn Orn.,Benches_and_Tables,,"12""",,,,"55""l x 12"" w",556.png,35.jpg,Giannini,
870,Niche,Benches_and_Tables,"37""","27""w x 13""d",,,,"37""h x 27""w x 13""d",870.png,36.jpg,Giannini,
530,Bunny Bench,Benches_and_Tables,"18""","14""w",,,,"18""h x 41""l x 14""w",530.png,36.jpg,Giannini,
840,Madonna,Benches_and_Tables,"32""",,,,,"32""h",840.png,36.jpg,Giannini,
531,Duck Bench,Benches_and_Tables,"18""","14""w",,,,"18""h x 41""l x 14""w",531.png,36.jpg,Giannini,
532,Tempio Rectangle Table,Benches_and_Tables,"31""","32""",,,,"31"" h x 51"" l x 32"" w",532.png,37.jpg,Giannini,
533,Tempio Straight Bench,Benches_and_Tables,"18""","16""",,,,"18"" h x 51"" l x 16"" w",533.png,37.jpg,Giannini,
534,Ruderi Round Table,Benches_and_Tables,"31""","43""",,,,"31"" h x 43"" diameter",534.png,37.jpg,Giannini,
535,Ruderi Curved Bench,Benches_and_Tables,"18""",,,,,"18"" h x 56"" l",535.png,37.jpg,Giannini,
561,Anduze Garden Bench,Benches_and_Tables,"38""","20""w",,,,"38""h x 80""l x 20""w",561.png,39.jpg,Giannini,
562,Rustic Rock Bench,Benches_and_Tables,"19""",,,,,"19""h x 50""l",562.png,39.jpg,Giannini,
8036,"15"" Garden Sphere",Benches_and_Tables,,,,,,"15""",8036.png,39.jpg,Giannini,
8037,"12""",Benches_and_Tables,,,,,,"12""",8037.png,39.jpg,Giannini,
8038,"9""",Benches_and_Tables,,,,,,"9""",8038.png,39.jpg,Giannini,
8039,"8""",Benches_and_Tables,,,,,,"8""",8039.png,39.jpg,Giannini,
8040,"7""",Benches_and_Tables,,,,,,"7""",8040.png,39.jpg,Giannini,
8041,"6""",Benches_and_Tables,,,,,,"6""",8041.png,39.jpg,Giannini,
563,Straight Rock Bench,Benches_and_Tables,"18""","16""w",,,,"18""h x 47""l x 16""w",563.png,39.jpg,Giannini,
564,Curved Rock Bench,Benches_and_Tables,"18""","16""w",,,,"18""h x 49""l x 16""w",564.png,39.jpg,Giannini,
565,Lucca Bench Straight,Benches_and_Tables,"18""","20""",,,,"18""h x 58""l x 20""w",565.png,40.jpg,Giannini,
566,Lucca Bench Curved,Benches_and_Tables,"18""","20""",,,,"18""h x 60""l x 20""w",566.png,40.jpg,Giannini,
567,Sienna Bench Straight,Benches_and_Tables,"18""","20""",,,,"18""h x 57""l x 20""w",567.png,40.jpg,Giannini,
568,Sienna Bench Curved,Benches_and_Tables,"18""","20""",,,,"18""h x 61""l x 20""w",568.png,40.jpg,Giannini,
569,Cortona Bench Straight,Benches_and_Tables,"18""","16""",,,,"18""h x 44""l x 16""w",569.png,40.jpg,Giannini,
570,Cortona Bench Curved,Benches_and_Tables,"18""","16""",,,,"18""h x 56""l x 16""w",570.png,40.jpg,Giannini,
569,Cortona Bench Straight,Benches_and_Tables,"18""","16""",,,,"18""h x 44""l x 16""w",569.png,41.jpg,Giannini,
570,Cortona Bench Curved,Benches_and_Tables,"18""","16""",,,,"18""h x 56""l x 16""w",570.png,41.jpg,Giannini,
571,Cortona Dining Table,Benches_and_Tables,"31""",,,,,"31""h x 48""round",571.png,41.jpg,Giannini,
LD8027-1,Lattice Dining Chair,Benches_and_Tables,"36""","21""",,,,"36""h x 21""w",LD8027-1.png,41.jpg,Giannini,
571,Cortona Dining Table,Benches_and_Tables,"31""",,,,,"31""h x 48""round",571.png,41.jpg,Giannini,
LD777-11,Elizabeth Swivel Rocker,Benches_and_Tables,"36""","25""",,,,"36""h x 25""w",LD777-11.png,41.jpg,Giannini,
516,Venice Curved Bench,Benches_and_Tables,,,"19""",,,"49""l x 19""b",516.png,928.jpg,Giannini,
517,Rimini Curved Bench,Benches_and_Tables,,,"19""",,,"49""l x 19""b",517.png,928.jpg,Giannini,
511,Acantbus Garden Cbair,Benches_and_Tables,,,"33""",,,"33""b",511.png,928.jpg,Giannini,
521,Acanthus Garden Table,Benches_and_Tables,,,"31""","50""",,"31""b x 50""d",521.png,928.jpg,Giannini,
518,Acantbus Garden Seat,Benches_and_Tables,,"17""","18""",,,"18""b x 17""w",518.png,928.jpg,Giannini,
519,Acanthus Garden Curved Bencb,Benches_and_Tables,,,"21""",,,"55""l x 21""b",519.png,928.jpg,Giannini,
522,Green Man Bench,Benches_and_Tables,"35""",,,,,"62""l x 35"" h",522.png,929.jpg,Giannini,
523,San Marco Bench,Benches_and_Tables,"35""",,,,,"77""l x 35"" h",523.png,929.jpg,Giannini,
N,NATURAL,Finishes,,,,,,,N.png,580.jpg,Giannini,
SC,SPANISH CLAY,Finishes,,,,,,,SC.png,580.jpg,Giannini,
ST,SANDSTONE,Finishes,,,,,,,ST.png,580.jpg,Giannini,
TC,TERRA COTTA,Finishes,,,,,,,TC.png,580.jpg,Giannini,
CT,COTTO,Finishes,,,,,,,CT.png,580.jpg,Giannini,
AN,ANTICO,Finishes,,,,,,,AN.png,580.jpg,Giannini,
VT,VINTAGE,Finishes,,,,,,,VT.png,580.jpg,Giannini,
RS,RUSTICO,Finishes,,,,,,,RS.png,580.jpg,Giannini,
TR,TRAVERTINE,Finishes,,,,,,,TR.png,580.jpg,Giannini,
TO,TOSCANO,Finishes,,,,,,,TO.png,580.jpg,Giannini,
SL,SLATE,Finishes,,,,,,,SL.png,580.jpg,Giannini,
DO,DORATO,Finishes,,,,,,,DO.png,580.jpg,Giannini,
OL,OLYMPIA,Finishes,,,,,,,OL.png,580.jpg,Giannini,
VR,VERONA,Finishes,,,,,,,VR.png,580.jpg,Giannini,
IR,IRON,Finishes,,,,,,,IR.png,580.jpg,Giannini,
BR,BRONZE,Finishes,,,,,,,BR.png,580.jpg,Giannini,
OTC,OLD TERRA COTTA,Finishes,,,,,,,OTC.png,580.jpg,Giannini,
LS,LIMESTONE,Finishes,,,,,,,LS.png,580.jpg,Giannini,
LB,LAMP BLACK,Finishes,,,,,,,LB.png,580.jpg,Giannini,
ENG,ENGLISH,Finishes,,,,,,,ENG.png,580.jpg,Giannini,
412,Rectangular Firetable,Fire_Pits_and_Tables,"15¼""","84""w x 36""d x 15¼""h",,,,"84""w x 36""d x 15¼""h",412.png,1263.jpg,Giannini,
415,Rectangular Fire Table,Fire_Pits_and_Tables,"15""","48""",,"28""",,"48""w x 28""d x 15""h",415.png,1264.jpg,Giannini,
na,concrete fire pit,Fire_Pits_and_Tables,,,,,,n/a,na.png,1265.jpg,Giannini,
5011P,Fuoco Square Fire Table with Propane Burner & Electronic Ignition,Fire_Pits_and_Tables,"24""","36""w x 36""d",,,,"24""H x 36""W x 36""D",5011P.png,1318.jpg,Giannini,
5011NG,Fuoco Square Fire Table with Natural Gas Burner & Electronic Ignition,Fire_Pits_and_Tables,"24""","36""w x 36""d",,,,"24""H x 36""W x 36""D",5011NG.png,1318.jpg,Giannini,
5012P,Fuoco Rectangular Fire Table with Propane Burner & Electronic Ignition,Fire_Pits_and_Tables,"24""","50""",,"25""",,"24""H x 50""W X 25""D",5012P.png,1319.jpg,Giannini,
5012NG,Fuoco Rectangular Fire Table with Natural Gas Burner & Electronic Ignition,Fire_Pits_and_Tables,"24""","50""",,"25""",,"24""H x 50""W X 25""D",5012NG.png,1319.jpg,Giannini,
5102,Fuoco Propane Tank Cover,Fire_Pits_and_Tables,"24""","21""",,,,"24""H x 21""W",5102.png,1320.jpg,Giannini,
48,Firepit Square,Fire_Pits_and_Tables,,"48""w x 48""d x 20""h, 24""base",,,,"48""w x 48""d x 20""h, 24""base",48.png,1323.jpg,Giannini,
468,BOWL FIRE PIT,Fire_Pits_and_Tables,16'',,,42'',,42‘‘d x 16‘‘h,468.png,1325.jpg,Giannini,
4722,pebble wide,Fire_Pits_and_Tables,,"70""w x 42""d x 22""h",,,,"70""w x 42""d x 22""h",4722.png,1329.jpg,Giannini,
400,ECLIPSE,Fire_Pits_and_Tables,42”,,,42”,,42”D x 42”H,400.png,1332.jpg,Giannini,
na,Fire pit,Fire_Pits_and_Tables,n/a,n/a,n/a,n/a,,n/a,na.png,1333.jpg,Giannini,
1734,Quintus Wall Fountain Tall,Fountains,"56""","34""","26""W x 18""D","25""",,"56""H x 34""W x 25""D 26""W x 18""D Base",1734.png,1235.jpg,Giannini,
1737,Lamina Wall Fountain Short,Fountains,"43""","34""","26""W x 18""D","25""",,"43""H x 34""W x 25""D 26""W x 18""D Base",1737.png,1235.jpg,Giannini,
1738,Pyxis Fountain Tall,Fountains,"31""","34""",,"25""",,"31""H x 34""W x 25""D",1738.png,1235.jpg,Giannini,
1739,Pyxis Fountain Short,Fountains,"21""","32""",,"23""",,"21""H x 32""W x 23""D",1739.png,1235.jpg,Giannini,
1740,Quadrum Courtyard Fountain,Fountains,"48""","43""",,,,"48""H x 43""W",1740.png,1236.jpg,Giannini,
1741,Planum Courtyard Fountain,Fountains,"42""","43""",,,,"42""H x 43""W",1741.png,1236.jpg,Giannini,
1742,Serene Buddha Courtyard Fountain,Fountains,"41""","43""",,,,"41""H x 43""W",1742.png,1236.jpg,Giannini,
1745,Corina Lamina Wall Fountain,Fountains,"43""","23""W x 20""D",,,,"43""H x 23""W x 20""D",1745.png,1237.jpg,Giannini,
1743,Nadine Lamina Wall Fountain,Fountains,"48""","28""W x 21""D",,,,"48""H x 28""W x 21""D",1743.png,1237.jpg,Giannini,
1744,Adelina Lamina Wall Fountain,Fountains,"40""","23""W x 21""D",,,,"40""H x 23""W x 21""D",1744.png,1237.jpg,Giannini,
1319,Quadrum Pond,Fountains,"11""","43""W x 11""H",,,,"43""W x 11""H",1319.png,1237.jpg,Giannini,
1746,Piatti Fountain,Fountains,"31""","32""",,,,"31""H x 32""W x 32""D",1746.png,1270.jpg,Giannini,
1747,Penta Wall Fountain,Fountains,"40""","52""",,"17""",,"40""H x 52""W x 17""D",1747.png,1271.jpg,Giannini,
1748,Penta Wall Fountain Tall,Fountains,"50""H","52""W",,"17""D",,"50""H x 52""W x 17""D",1748.png,1272.jpg,Giannini,
1749,Scottsdale Fountain,Fountains,"34""","68""",,"55""",,"34""H x 68""W x 55""D",1749.png,1273.jpg,Giannini,
1750,Huntington Fountain,Fountains,"44""","39""",,,,"44""H x 39""W x 15"" Base Diameter",1750.png,1274.jpg,Giannini,
1751,Newport Tall,Fountains,"46""","33""W",,,,"46""H x 33""W x 15"" Base Diameter",1751.png,1275.jpg,Giannini,
1752,Newport Fountain,Fountains,"26""","33""",,,,"26""H x 33""W",1752.png,1276.jpg,Giannini,
1753,Marina Fountain Tall,Fountains,"33""","34""",,,,"33""H x 34""W",1753.png,1277.jpg,Giannini,
1754,Marina Fountain,Fountains,"24""","34""",,,,"24""H x 34""W",1754.png,1278.jpg,Giannini,
1755,Acqua Fountain,Fountains,"18""","33""",,,,"18""H x 33""W",1755.png,1279.jpg,Giannini,
1756,Tapered Zen Fountain,Fountains,"41""","23""",,,,"41""H x 23""W",1756.png,1280.jpg,Giannini,
1757,Lisse Bird Fountain,Fountains,"28""","27""",,,,"28""H x 27""W",1757.png,1281.jpg,Giannini,
1758,Basalt Triple Cascade Fountain,Fountains,"27""","48""W x 55""D",,,,"27""H x 48""W x 55""D",1758.png,1282.jpg,Giannini,
1759,Pebble Falls Fountain,Fountains,"30""","36""w x 27""d",,,,"30""H x 36""W x 27""D",1759.png,1283.jpg,Giannini,
1760,Slate Waterwall Fountain with Tall Base,Fountains,"51""","26""",,,,"51""H x 26""W x 23"" D",1760.png,1284.jpg,Giannini,
1761,Slate Spillway Fountain,Fountains,"51""","26""w x 23"" d",,,,"51""H x 26""W x 23"" D",1761.png,1285.jpg,Giannini,
1762,Tribus Rock Fountain,Fountains,"46""","30""",,,,"46""H x 30""W x 22""D",1762.png,1286.jpg,Giannini,
1763,Rock Springs Fountain,Fountains,"41""","26""W x 34""D",,,,"41""H x 26""W x 34""D",1763.png,1287.jpg,Giannini,
1764,Brentwood Fountain,Fountains,"72""","34""",,,,"72""H x 34""W x 25""D",1764.png,1288.jpg,Giannini,
1765,Brentwood Fountain Short with Base,Fountains,"60""","34""",,,,"60""H x 34""W x 25""D",1765.png,1289.jpg,Giannini,
1595b,Grand Avignon Courtyard Foutain for Bronze Spouts.,Fountains,"67""","46""","22"" Sq",,,"67""Hx46""Wx22""Sq Base",1595b.png,472.jpg,Giannini,
1595c,Grand Avignon Courtyard Foutain with Concrete Spouts,Fountains,"67""","46""","22"" Sq",,,"67""Hx46""Wx22""Sq Base",1595c.png,472.jpg,Giannini,
1595,Grand Avignon Courtyard Foutain for Rustic Iron Spouts.,Fountains,"67""","46""","22"" Sq",,,"67""Hx46""Wx22""Sq Base",1595.png,472.jpg,Giannini,
4135,"Lotus Two Tier Fountain in 48"" Basin",Home_Installations,"54""","48""",,,,"48""W x 54""H",4135.png,1207.jpg,Giannini,
2017,Giannini Garden,Home_Installations,,,,,,None,2017.png,1210.jpg,Giannini,
4722,Elegance Statue,Home_Installations,"48""","20""W  B: 12.5""",,,,"48""H x 20""W  B: 12.5""",4722.png,1212.jpg,Giannini,
468,Primavera Statue,Home_Installations,"44""","18""","12""sq.",,,"44""H x 18""W 12""sq. base",468.png,1213.jpg,Giannini,
na,Fountain Rocks,Home_Installations,n/a,n/a,,,,n/a,na.png,1214.jpg,Giannini,
null,FOUNTAIN,Home_Installations,,,,,,null,null.png,1217.jpg,Giannini,
4722,Barocco Fountain,Home_Installations,"72""","48""",,,,"H 72"" | W 48"" | B 22""",4722.png,1267.jpg,Giannini,
4736,Custom Fountain,Home_Installations,,"48""w x 69""h",,,,"48""w x 69""h",4736.png,1344.jpg,Giannini,
4105,Octagonal Provence Fountain,Home_Installations,"82""","68""",,,,"82""h x 68""w",4105.png,1463.jpg,Giannini,
CR,PIATTO,Italian_Ceramics,,,,,,0,CR.png,782.jpg,Giannini,
4504,ORCIOLO BLU ANTICO - LIONS,Italian_Ceramics,30,24,,,,H30 W24,4504.png,784.jpg,Giannini,
416,Wall Plaque,Italian_Ceramics,,,,"15""",,"15""d",416.png,801.jpg,Giannini,
45041,Square Platter,Italian_Ceramics,,"15""",,,,"15""Sq.",45041.png,803.jpg,Giannini,
4069,Square Serving Dish,Italian_Ceramics,,15.5”,,,,15.5” L X 15.5” W,4069.png,814.jpg,Giannini,
4508,Square Serving Plate,Italian_Ceramics,,15x15,,,,15x15,4508.png,815.jpg,Giannini,
4507001,Round plate,Italian_Ceramics,,,,36,,ø 36,4507001.png,820.jpg,Giannini,
450A,Sedie Margherita,Italian_Furniture,105,41,,,,H 105 - L 41 - P 41,450A.png,779.jpg,Giannini,
107,Tavolo F.14,Italian_Furniture,78,150,,,,Ø 150 - H 78,107.png,779.jpg,Giannini,
450B,Sedie Margherita C/B,Italian_Furniture,105,41,,,,H 105 - L 41 - P 41,450B.png,779.jpg,Giannini,
4121,ROSA DEI VENTI,Italian_Furniture,75,,,120,,d. 120 h. 75,4121.png,780.jpg,Giannini,
416,BASE,Italian_Furniture,75,,,120,,d. 120 h. 75,416.png,780.jpg,Giannini,
410,Barolo Dining Table with micro mesh top,Italian_Furniture,"28.5""","42""w x 84""d x",,,,"42""w x 84""d x 28.5""h",410.png,786.jpg,Giannini,
4507001A,Armchair,Italian_Furniture,,"21.5""W x 24""D x 37""H",,,,"21.5""W x 24""D x 37""H",4507001A.png,787.jpg,Giannini,
46914,"Banc ""Coeur""/2 Places",Italian_Furniture,88 cm,112 cm,,56 cm,,W 112 x D 56 x H 88 cm,46914.png,789.jpg,Giannini,
null,table,Italian_Furniture,,,,,,null,null.png,790.jpg,Giannini,
4810200,Tavolo rotondo,Italian_Furniture,75 cm,,,120 cm,,Ø120 h 75 cm,4810200.png,947.jpg,Giannini,
5600100,Poltroncina impilabile,Italian_Furniture,,45 cm,,,,45x54x100 cm,5600100.png,947.jpg,Giannini,
5600100,Poltroncina impilabile,Italian_Furniture,,45 cm,,,,45x54x100 cm,5600100.png,947.jpg,Giannini,
5600100,Poltroncina impilabile,Italian_Furniture,,45 cm,,,,45x54x100 cm,5600100.png,947.jpg,Giannini,
5600100,Poltroncina impilabile,Italian_Furniture,,45 cm,,,,45x54x100 cm,5600100.png,947.jpg,Giannini,
null,table,Italian_Furniture,,,,,,null,null.png,948.jpg,Giannini,
null,chair,Italian_Furniture,,,,,,null,null.png,948.jpg,Giannini,
null,chair,Italian_Furniture,,,,,,null,null.png,948.jpg,Giannini,
null,pot,Italian_Furniture,,,,,,null,null.png,948.jpg,Giannini,
null,pot,Italian_Furniture,,,,,,null,null.png,948.jpg,Giannini,
1843,Verona Three Tier Fountain,NEW_for_2025,"63""","42""",,,,"63""H x 42""W x 20"" Round Base",1843.png,1480.jpg,Giannini,
1832,Eden Fountain,NEW_for_2025,"32""","31""W x 18""Sq base",,,,"32""H x 31""W x 18""Sq base",1832.png,1481.jpg,Giannini,
1833,Genesis Fountain,NEW_for_2025,"35""H","30""W","18""Sq base",,,"35""H x 30""W x 18""Sq base",1833.png,1482.jpg,Giannini,
1834,Trinity Falls Fountain,NEW_for_2025,"41""","30""",,"30""",,"41""H x 30""W x 30""D",1834.png,1483.jpg,Giannini,
1847,San Pietro Courtyard Fountain,NEW_for_2025,"62""","39""","20""Sq",,,"62""H x 39""W x 20""Sq Base",1847.png,1484.jpg,Giannini,
1837,Riviera Wall Fountain,NEW_for_2025,"58""","40""W x 24""D",,,,"58""H x 40""W x 24""D",1837.png,1485.jpg,Giannini,
1838,Vineyard Wall Fountain,NEW_for_2025,"54""","40""",,"24""",,"54""H x 40""W x 24""D",1838.png,1486.jpg,Giannini,
1851,Amalficello Courtyard Fountain,NEW_for_2025,"62""","40""","19""","40""",,"62""H x 40""W x 19"" Dia Base",1851.png,1487.jpg,Giannini,
1853,Monterosso Pond Fountain,NEW_for_2025,"48""","39""",,,,"48""H x 39""W",1853.png,1488.jpg,Giannini,
1844,Rialto Courtyard Fountain,NEW_for_2025,72‐H,47‐W,23‐Sq Base,,,72‐H x 47‐W x 23‐Sq Base,1844.png,1493.jpg,Giannini,
1845,Navona Courtyard Fountain,NEW_for_2025,"67""","47""","23""Sq",None,,"67""H x 47""W x 23""Sq Base",1845.png,1494.jpg,Giannini,
1846,Monterosso Courtyard Fountain,NEW_for_2025,66'',39'',,,,66’’H x 39’’W x 20’’ Sq. Base,1846.png,1495.jpg,Giannini,
1856,San Pietro Monaco Pond Fountain,NEW_for_2025,"44""","59""",,,,"44""H x 59""W",1856.png,1496.jpg,Giannini,
1848,Ravello Courtyard Fountain,NEW_for_2025,"64""","39""",,,,"64""H x 39""W x 19"" Dia Base",1848.png,1497.jpg,Giannini,
1849,Amalfi Courtyard Fountain,NEW_for_2025,"62""","39""",,,,"62""H x 39""W x 19"" Dia. Base",1849.png,1498.jpg,Giannini,
1850,Ponticello Courtyard Fountain,NEW_for_2025,"64""","40""",,,,"64""H x 40""W x 19"" Dia Base",1850.png,1499.jpg,Giannini,
1852,Ravello Pond Fountain,NEW_for_2025,"48""","39""",,,,"48""H x 39""W",1852.png,1500.jpg,Giannini,
1857,Rialto Monaco Pond Fountain,NEW_for_2025,"48""","59""",,,,"48""H x 59""W",1857.png,1501.jpg,Giannini,
1855,San Pietro Pond Fountain,NEW_for_2025,"44""","39""",,,,"44""H x 39""W",1855.png,1502.jpg,Giannini,
1860,Rialto Malibu Pond Fountain,NEW_for_2025,"48""","54""",,,,"48""H x 54""W",1860.png,1503.jpg,Giannini,
1858,Amalfi Monaco Pond Fountain,NEW_for_2025,"44""","59""",,,,"44""H x 59""W",1858.png,1504.jpg,Giannini,
1859,Ravello Monaco Pond Fountain,NEW_for_2025,"48""","59""",,,,"48""H x 59""W",1859.png,1505.jpg,Giannini,
1861,San Pietro Malibu Pond Fountain,NEW_for_2025,"44""","54""",,,,"44""H x 54""W",1861.png,1506.jpg,Giannini,
1861,San Pietro Malibu Pond Fountain,NEW_for_2025,"44""","54""",,,,"44""H x 54""W",1861.png,1547.jpg,Giannini,
45014,Forno da esterno a legna in acciao smaltato,Pizza_Ovens,205 cm,78 cm,,,,78x100x205 h cm,45014.png,1004.jpg,Giannini,
41221191000,Barbecue Super Master - Maxi,Pizza_Ovens,,45 cm,,,,45x100 cm.,41221191000.png,1016.jpg,Giannini,
na,Pizza Oven,Pizza_Ovens,n/a,n/a,,,,n/a,na.png,1021.jpg,Giannini,
201,Della Robbia Planter Sm,Planters_and_Urns,"14""","13""",,,,"14"" h x 13"" W",201.png,645.jpg,Giannini,
202,Della Robbia Planter Lg,Planters_and_Urns,"19""","19""",,,,"19"" h x 19"" w",202.png,645.jpg,Giannini,
203,Anfora Antica,Planters_and_Urns,"18""","15""",,,,"18"" h x 15"" w",203.png,645.jpg,Giannini,
204,Garland Pot,Planters_and_Urns,"12""","16""",,,,"12"" h x 16"" w",204.png,645.jpg,Giannini,
205,Frutta Basket,Planters_and_Urns,"13""","14""",,,,"13"" h x 14"" w",205.png,645.jpg,Giannini,
206,Tuscany Pot Sm,Planters_and_Urns,"10""","10""",,,,"10"" h x 10"" w",206.png,645.jpg,Giannini,
207,Tuscany Pot Md,Planters_and_Urns,"12""","14""",,,,"12"" h x 14"" w",207.png,645.jpg,Giannini,
208,Tuscany Pot Lg,Planters_and_Urns,"16""","18""",,,,"16"" h x 18"" w",208.png,645.jpg,Giannini,
209,Siena Pot Sm,Planters_and_Urns,"10""","10""",,,,"10"" h x 10"" w",209.png,645.jpg,Giannini,
210,Siena Pot Md,Planters_and_Urns,"13""","13""",,,,"13"" h x 13"" w",210.png,645.jpg,Giannini,
211,Siena Pot Lg,Planters_and_Urns,"17""","16""",,,,"17"" h x 16"" w",211.png,645.jpg,Giannini,
229,Sqr. Garland Pot (Xlg),Planters_and_Urns,"16""","22""",,,,"16""h x 22""w",229.png,646.jpg,Giannini,
230,Sqr. Garland Pot (Lg),Planters_and_Urns,"14""","16""",,,,"14""h x 16""w",230.png,646.jpg,Giannini,
231,Sqr. Garland Pot (Md),Planters_and_Urns,"11""","14""",,,,"11""h x 14""w",231.png,646.jpg,Giannini,
232,Sqr. Garland Pot (Sm),Planters_and_Urns,"9""","11""",,,,"9""h x 11""w",232.png,646.jpg,Giannini,
233,Sqr. Rosette Pot (Lg),Planters_and_Urns,"16""","18""",,,,"16""h x 18""w",233.png,646.jpg,Giannini,
234,Sqr. Rosette Pot (Md),Planters_and_Urns,"11""","13""",,,,"11""h x 13""w",234.png,646.jpg,Giannini,
240,Oval Box (Sm),Planters_and_Urns,"6""",,,,,"6""h x 15""l",240.png,646.jpg,Giannini,
239,Oval Box (Lg),Planters_and_Urns,"7""",,,,,"7""h x 18""l",239.png,646.jpg,Giannini,
235,Bella Planter Box (XLg),Planters_and_Urns,"9""","11""",,,,"9""h x 20""l x 11""w",235.png,646.jpg,Giannini,
236,Bella Planter Box (Lg),Planters_and_Urns,"8""","8""",,,,"8""h x 19""l x 8""w",236.png,646.jpg,Giannini,
237,Bella Planter Box (Md),Planters_and_Urns,"7""","8""",,,,"7""h x 16""l x 8""w",237.png,646.jpg,Giannini,
238,Bella Planter Box (Sm),Planters_and_Urns,"6""","6""",,,,"6""h x 12""l x 6""w",238.png,646.jpg,Giannini,
212,Angel Hexagon Pot,Planters_and_Urns,"11""","11""",,,,"11"" h x 11"" w",212.png,647.jpg,Giannini,
214,Italian Planter (Md),Planters_and_Urns,"14""","15""",,,,"14"" h x 15"" w",214.png,647.jpg,Giannini,
213,Italian Planter (Sm),Planters_and_Urns,"10""","11""",,,,"10"" h x 11"" w",213.png,647.jpg,Giannini,
215,Amalfi Pot (Sm),Planters_and_Urns,"6""","8""",,,,"6"" h x 8"" w",215.png,647.jpg,Giannini,
216,Amalfi Pot (Md),Planters_and_Urns,"6""","8""",,,,"6"" h x 8"" w",216.png,647.jpg,Giannini,
217,Square Pot,Planters_and_Urns,"7""","9""",,,,"7"" h x 9"" w",217.png,647.jpg,Giannini,
218,Rectangular Planter Box,Planters_and_Urns,"7""","14""",,,,"7"" h x 14"" w",218.png,647.jpg,Giannini,
219,Conchina Round (Sm),Planters_and_Urns,"3""","6""",,,,"3"" h x 6"" w",219.png,647.jpg,Giannini,
220,Conchina Round (Md),Planters_and_Urns,"4""","7""",,,,"4"" h x 7"" w",220.png,647.jpg,Giannini,
221,Conchina Round (Lg),Planters_and_Urns,"5""","8""",,,,"5"" h x 8"" w",221.png,647.jpg,Giannini,
222,Conchina Rectangle,Planters_and_Urns,"3""","7""",,,,"3"" h x 7"" w",222.png,647.jpg,Giannini,
223,Conchina Oval,Planters_and_Urns,"3""","10""",,,,"3"" h x 10"" w",223.png,647.jpg,Giannini,
224,Herb Planter Box Rectangle,Planters_and_Urns,"3""",,,,,"3"" h x 12"" l",224.png,647.jpg,Giannini,
225,Herb Planter Box Oval,Planters_and_Urns,"3""","8""",,,,"3"" h x 8"" w",225.png,647.jpg,Giannini,
241,Fruit Garland Oval,Planters_and_Urns,"5""",,,,,"5"" h x 12"" l",241.png,647.jpg,Giannini,
242,Fruit Garland Pot,Planters_and_Urns,"8""","9""",,,,"8"" h x 9"" w",242.png,647.jpg,Giannini,
243,Fruit Garland Mini Pot,Planters_and_Urns,"5""","7""",,,,"5"" h x 7"" w",243.png,647.jpg,Giannini,
244,Cherubin Pot,Planters_and_Urns,"7""","8""",,,,"7"" h x 8"" w",244.png,647.jpg,Giannini,
245,Fluted Pot,Planters_and_Urns,"8""","9""",,,,"8"" h x 9"" w",245.png,647.jpg,Giannini,
2042,Mini Urn,Planters_and_Urns,"10""","9""",,,,"10"" h x 9"" w",2042.png,647.jpg,Giannini,
248,Marzocco Wall Planter,Planters_and_Urns,"15""","20"" w",,,,"15"" h x 11"" d x 20"" w",248.png,648.jpg,Giannini,
226,Etruscan Oval Planter,Planters_and_Urns,"11""","24""",,,,"11"" h x 24"" w",226.png,648.jpg,Giannini,
227,Etruscan Pot,Planters_and_Urns,"15""","16""",,,,"15"" h x 16"" w",227.png,648.jpg,Giannini,
228,Etruscan Tall Pot,Planters_and_Urns,"19""","17""",,,,"19"" h x 17"" w",228.png,648.jpg,Giannini,
246,Monaco Jardiniere (Lg),Planters_and_Urns,"19""","23""",,,,"19"" h x 23"" w",246.png,648.jpg,Giannini,
247,Monaco Jardiniere (Md),Planters_and_Urns,"15""","18""",,,,"15"" h x 18"" w",247.png,648.jpg,Giannini,
253,Greco-Roman Urn (LG),Planters_and_Urns,"21""","12""",,,,"21"" h x 12"" w",253.png,648.jpg,Giannini,
254,Greco-Roman Urn (Sm),Planters_and_Urns,"13""","8""",,,,"13"" h x 8"" w",254.png,648.jpg,Giannini,
255,Espaa Urn,Planters_and_Urns,"15""","14""",,,,"15"" h x 14"" w",255.png,648.jpg,Giannini,
249,Low Footed Square Pot,Planters_and_Urns,"11""","22""",,,,"11"" h x 22"" w",249.png,648.jpg,Giannini,
251,Low Rolled Rim Pot,Planters_and_Urns,"9""","19""",,,,"9"" h x 19"" w",251.png,648.jpg,Giannini,
252,Low Rolled Rim Pot,Planters_and_Urns,"8""","14""",,,,"8"" h x 14"" w",252.png,648.jpg,Giannini,
271,Green Man Tree Planter,Planters_and_Urns,"21""","22""",,,,"21"" h x 22"" w",271.png,649.jpg,Giannini,
275,Montecarlo Urn,Planters_and_Urns,"27""","19""",,,,"27"" h x 19"" w",275.png,649.jpg,Giannini,
276,Orcio Etrusco,Planters_and_Urns,"23""","15""",,,,"23"" h x 15"" w",276.png,649.jpg,Giannini,
272,Green Man Urn,Planters_and_Urns,"17""","14""",,,,"17"" h x 14"" w",272.png,649.jpg,Giannini,
273,DeMedici Urn Lg,Planters_and_Urns,"19""","19""",,,,"19"" h x 19"" w",273.png,649.jpg,Giannini,
274,DeMedici Urn Sm,Planters_and_Urns,"14""","14""",,,,"14"" h x 14"" w",274.png,649.jpg,Giannini,
201,Della Robbia Planter Sm,Planters_and_Urns,"14""","13""",,,,"14"" h x 13"" w",201.png,649.jpg,Giannini,
278,Mortaio Planter,Planters_and_Urns,"10""","22""",,,,"10"" h x 22"" w",278.png,649.jpg,Giannini,
297,Pot Feet,Planters_and_Urns,,,,,,,297.png,649.jpg,Giannini,
298,Pot Feet,Planters_and_Urns,,,,,,,298.png,649.jpg,Giannini,
299,Pot Feet,Planters_and_Urns,,,,,,,299.png,649.jpg,Giannini,
300,Pot Feet,Planters_and_Urns,,,,,,,300.png,649.jpg,Giannini,
2034,Acanthus Pot Large,Planters_and_Urns,"22""","28""",,,,"22"" h x 28"" w",2034.png,651.jpg,Giannini,
2035,Acanthus Pot Medium,Planters_and_Urns,"18""","23""",,,,"18"" h x 23"" w",2035.png,651.jpg,Giannini,
2036,Acanthus Pot Small,Planters_and_Urns,"17""","22""",,,,"17"" h x 22"" w",2036.png,651.jpg,Giannini,
2037,English Weave Pot,Planters_and_Urns,"16""","19""",,,,"16"" h x 19"" w",2037.png,651.jpg,Giannini,
2038,English Weave Pot,Planters_and_Urns,"15""","19""",,,,"15"" h x 19"" w",2038.png,651.jpg,Giannini,
2039,Chelsea Jardiniere,Planters_and_Urns,"25""","26""",,,,"25"" h x 26"" w",2039.png,651.jpg,Giannini,
2009,Vaso Cetona Large,Planters_and_Urns,"22""","28""",,,,"22"" h x 28"" w",2009.png,652.jpg,Giannini,
2015,Impero Urn,Planters_and_Urns,"30""","28""",,,,"30"" h x 28"" w",2015.png,652.jpg,Giannini,
2011,Byzantine Tree Planter,Planters_and_Urns,"25""","19""",,,,"25"" h x 19"" w",2011.png,652.jpg,Giannini,
2040,Cetona Wall Pot Large,Planters_and_Urns,"22""","29""",,,,"22"" h x 29"" w x 14"" from wall",2040.png,652.jpg,Giannini,
2010,Vaso Cetona Small,Planters_and_Urns,"16""","16""",,,,"16"" h x 16"" w",2010.png,652.jpg,Giannini,
2041,Cetona Wall Pot Small,Planters_and_Urns,"16""","16""",,,,"16"" h x 16"" w x 8"" from wall",2041.png,652.jpg,Giannini,
258,Deruta Lemon Planter,Planters_and_Urns,,"17"" w",,,,"13"" h x 17"" w",258.png,653.jpg,Giannini,
2005,Deruta Lemon Planter,Planters_and_Urns,,"19"" w",,,,"15"" h x 19"" w",2005.png,653.jpg,Giannini,
266,Deruta Lemon Planter,Planters_and_Urns,,"22"" w",,,,"16"" h x 22"" w",266.png,653.jpg,Giannini,
267,Deruta Lemon Oval,Planters_and_Urns,,"16"" w",,,,"10"" h x 25"" l x 16"" w",267.png,653.jpg,Giannini,
2001,Deruta Lemon Round,Planters_and_Urns,,"17"" w",,,,"12"" h x 17"" w",2001.png,653.jpg,Giannini,
2002,Deruta Lemon Square,Planters_and_Urns,,"15"" w",,,,"9"" h x 15"" w",2002.png,653.jpg,Giannini,
2003,Limoni Oval Planter,Planters_and_Urns,,"20"" w",,,,"12"" h x 28"" l x 20"" w",2003.png,653.jpg,Giannini,
2006,Deruta Lemon Cistern,Planters_and_Urns,,"22"" w",,"21"" d",,"20"" h x 22"" w x 21"" d",2006.png,653.jpg,Giannini,
2004,Four Fruit Square,Planters_and_Urns,,"16"" w",,,,"14"" h x 16"" w",2004.png,653.jpg,Giannini,
2019,Deruta Lemon Planter,Planters_and_Urns,"12""","16""",,,,"12"" h x 16"" w",2019.png,654.jpg,Giannini,
2020,Deruta Lemon Planter Box,Planters_and_Urns,"18""","15""",,,,"18"" h x 41"" l x 15"" w",2020.png,654.jpg,Giannini,
2021,Limoni Round Pot,Planters_and_Urns,"19""","21""",,,,"19"" h x 21"" w",2021.png,654.jpg,Giannini,
2012,Baroque Corner Pot,Planters_and_Urns,"18""","23""",,,,"18"" h x 23"" w",2012.png,654.jpg,Giannini,
2022,Giulia Pot,Planters_and_Urns,"19""","24""",,,,"19"" h x 24"" w",2022.png,654.jpg,Giannini,
2023,Giulia Wall Pot,Planters_and_Urns,"16""","19""",,,,"16"" h x 19"" w x 16"" from wall",2023.png,654.jpg,Giannini,
2024,Bouquet Urn,Planters_and_Urns,"18""","26""",,,,"18"" h x 26"" w",2024.png,654.jpg,Giannini,
2014,Rose Urn,Planters_and_Urns,"20""","10""",,,,"20"" h x 10"" w",2014.png,654.jpg,Giannini,
2013,Rose Three Handle Pot,Planters_and_Urns,"14""","16""",,,,"14"" h x 16"" w",2013.png,654.jpg,Giannini,
279,Antico Mortar Lg.,Planters_and_Urns,,"23""","18""",,,"18"" b x 23"" w",279.png,655.jpg,Giannini,
280,Antico Mortar Sm,Planters_and_Urns,,"19""","16""",,,"16"" b x 19"" w",280.png,655.jpg,Giannini,
281,Medioevo Lg.,Planters_and_Urns,,"23""","16""",,,"16"" b x 23"" w",281.png,655.jpg,Giannini,
282,Medioevo Sm.,Planters_and_Urns,,"19""","10""",,,"10"" b x 19"" w",282.png,655.jpg,Giannini,
283,Venezia Mortar,Planters_and_Urns,,"19""","11""",,,"11"" b x 19"" w",283.png,655.jpg,Giannini,
284,Mortar,Planters_and_Urns,,"14""","10""",,,"10"" b x 14"" w",284.png,655.jpg,Giannini,
285,Mortar,Planters_and_Urns,,"11""","7""",,,"7"" b x 11"" w",285.png,655.jpg,Giannini,
286,Medioevo Planter Box,Planters_and_Urns,"8½""","9""",,,,"8½"" h x 24"" l x 9"" w",286.png,655.jpg,Giannini,
287,Grape Harvest,Planters_and_Urns,,"24""","15""",,,"15"" b x 24"" w",287.png,655.jpg,Giannini,
288,Bacchus Wedding,Planters_and_Urns,"18""","17""",,,,"18"" h x 17"" w",288.png,655.jpg,Giannini,
289,Primavera Urn Lg,Planters_and_Urns,,"25""","17""",,,"17"" b x 25"" w",289.png,655.jpg,Giannini,
290,Primavera Urn Md,Planters_and_Urns,,"18""","12""",,,"12"" b x 18"" w",290.png,655.jpg,Giannini,
291,Primavera Urn Sm,Planters_and_Urns,,"12""","8""",,,"8"" b x 12"" w",291.png,655.jpg,Giannini,
296,Orcio Toscano,Planters_and_Urns,,"25""","30""",,,"30"" b x 25"" w",296.png,659.jpg,Giannini,
294,LaBrea Urn,Planters_and_Urns,,"21""","16""",,,"16"" b x 21"" w",294.png,659.jpg,Giannini,
292,Putti Planter or Bird Bath,Planters_and_Urns,,"14""","25""",,,"25"" b x 14"" w",292.png,659.jpg,Giannini,
293,Murano Urn,Planters_and_Urns,,"21""","31""",,,"31"" b x 21"" w",293.png,659.jpg,Giannini,
805,Villa Manzi Cherub,Planters_and_Urns,,"21""","41""",,,"41"" b x 21"" w",805.png,659.jpg,Giannini,
2007,Balustra Continua (Full Round),Planters_and_Urns,"34""","12""",,,,"34"" h x 12"" w",2007.png,659.jpg,Giannini,
2008,Balustra Continua,Planters_and_Urns,"34""","12""",,,,"34"" h x 12"" w",2008.png,659.jpg,Giannini,
2008,Balustra Continua,Planters_and_Urns,"34""","12""",,,,"34"" h x 12"" w",2008.png,659.jpg,Giannini,
295,Capri Cherub,Planters_and_Urns,,"11""","18""",,,"18"" b x 11"" w",295.png,659.jpg,Giannini,
806,Villa Manzi Cherub,Planters_and_Urns,"41""","21""",,,,"41"" h x 21"" w",806.png,659.jpg,Giannini,
814,Bacchanalia Urn Left,Planters_and_Urns,"35""","24""",,,,"35"" h x 24"" w",814.png,662.jpg,Giannini,
812,Cherub Planter,Planters_and_Urns,"36""",,,,,"36"" h",812.png,662.jpg,Giannini,
813,Cherub Planter,Planters_and_Urns,"36""",,,,,"36"" h",813.png,662.jpg,Giannini,
815,Bacchanalia Urn Right,Planters_and_Urns,"35""","24""",,,,"35"" h x 24"" w",815.png,662.jpg,Giannini,
2017,Etruscan Tree Planter,Planters_and_Urns,"22""","22""",,,,"22"" h x 22"" w",2017.png,662.jpg,Giannini,
413,English Cherub Gazing Globe Holder,Planters_and_Urns,"40""","19""",,,,"40"" h x 19"" w",413.png,662.jpg,Giannini,
2016,Etruscan Tree Planter,Planters_and_Urns,"27""","27""",,,,"27"" h x 27"" w",2016.png,662.jpg,Giannini,
260,Acanthus Urn,Planters_and_Urns,"21""","18""",,,,"21"" h x 18"" w",260.png,663.jpg,Giannini,
261,Roma Urn,Planters_and_Urns,"24""","19""",,,,"24"" h x 19"" w",261.png,663.jpg,Giannini,
262,Rolled Rim Pot,Planters_and_Urns,"15""","18""",,,,"15"" h x 18"" w",262.png,663.jpg,Giannini,
263,Rolled Rim Wall Pot,Planters_and_Urns,"15""","18""",,,,"15"" h x 18"" w",263.png,663.jpg,Giannini,
264,Frutta Wall Pot,Planters_and_Urns,"20""","22""",,,,"20"" h x 22"" w",264.png,663.jpg,Giannini,
265,Fluted Corner Pot,Planters_and_Urns,"15""","24""",,,,"15"" h x 24"" w",265.png,663.jpg,Giannini,
257,Lion Head Planter Box,Planters_and_Urns,"9""","14""",,,,"9"" h x 14"" w x 39"" l",257.png,663.jpg,Giannini,
256,Aptos Antique Pot,Planters_and_Urns,"14""","17""",,,,"14"" h x 17"" w",256.png,663.jpg,Giannini,
259,Deruta Lemon Planter Sm,Planters_and_Urns,"7""","17""",,,,"7"" h x 17"" w",259.png,663.jpg,Giannini,
2043,Oliva Tree Pot Lg,Planters_and_Urns,"33""","37""",,,,"33"" h x 37"" w",2043.png,664.jpg,Giannini,
2044,Oliva Tree Pot Md,Planters_and_Urns,"29""","32""",,,,"29"" h x 32"" w",2044.png,664.jpg,Giannini,
2045,Oliva Tree Pot Sm,Planters_and_Urns,"22""","25""",,,,"22"" h x 25"" w",2045.png,664.jpg,Giannini,
2046,Olympia Graces Urn,Planters_and_Urns,,"32""","30""",,,"30"" h x 32"" w",2046.png,665.jpg,Giannini,
2047,Vineyard Urn,Planters_and_Urns,,"41""","29""",,,"29"" h x 41"" w",2047.png,665.jpg,Giannini,
2051,Deruta Lemon Tree Pot Xl,Planters_and_Urns,,"27""","27""",,,"27"" h x 27"" w",2051.png,665.jpg,Giannini,
2048,Florentine Sqr Lg,Planters_and_Urns,,"23""","17""",,,"17"" h x 23"" w",2048.png,665.jpg,Giannini,
2049,Florentine Sqr Md,Planters_and_Urns,,"18""","15""",,,"15"" h x 18"" w",2049.png,665.jpg,Giannini,
2052,Deruta Lemon Tree Pot Lg,Planters_and_Urns,,"22""","22""",,,"22"" h x 22"" w",2052.png,665.jpg,Giannini,
2050,Florentine Sqr Sm,Planters_and_Urns,,"14""","13""",,,"13"" h x 14"" w",2050.png,665.jpg,Giannini,
2053,Rosa Urn or Table Base,Planters_and_Urns,,"24""","31""",,,"31"" h x 24"" w",2053.png,666.jpg,Giannini,
2054,Impero Urn with Lid,Planters_and_Urns,,"27""","42""",,,"42"" h x 27"" w",2054.png,666.jpg,Giannini,
2055,Lilium Urn,Planters_and_Urns,,"27""","29""",,,"29"" h x 27"" w",2055.png,666.jpg,Giannini,
2056,Fronda Urn,Planters_and_Urns,,"24""","13""",,,"13"" h x 24"" w",2056.png,666.jpg,Giannini,
2057,Girlanda Pot,Planters_and_Urns,,"23""","18""",,,"18"" h x 23"" w",2057.png,666.jpg,Giannini,
2058,Cupid Urn or Table Base,Planters_and_Urns,,"21""","17""",,,"17"" h x 21"" w",2058.png,666.jpg,Giannini,
2059,Fluted Urn,Planters_and_Urns,,"21""","19""",,,"19"" h x 21"" w",2059.png,666.jpg,Giannini,
2060,Gothic Sqr Urn,Planters_and_Urns,,"16""","20""",,,"20"" h x 16"" w",2060.png,666.jpg,Giannini,
2061,Tassel Pot Lg,Planters_and_Urns,,"19""","16""",,,"16"" h x 19"" w",2061.png,666.jpg,Giannini,
2062,Tassel Pot Sm,Planters_and_Urns,,"15""","12""",,,"12"" h x 15"" w",2062.png,666.jpg,Giannini,
2063,English Sqr Pot,Planters_and_Urns,,"7""","9""",,,"9"" h x 7"" w",2063.png,666.jpg,Giannini,
2064,Daisy Weave Pot,Planters_and_Urns,"17""","26""",,,,"17"" h x 26"" w",2064.png,667.jpg,Giannini,
2066,Basketweave Lg,Planters_and_Urns,"16""","23""",,,,"16"" h x 23"" w",2066.png,667.jpg,Giannini,
2067,Basketweave Md,Planters_and_Urns,"12""","18""",,,,"12"" h x 18"" w",2067.png,667.jpg,Giannini,
2068,Basketweave Sm,Planters_and_Urns,"9""","14""",,,,"9"" h x 14"" w",2068.png,667.jpg,Giannini,
2065,Diagonal Weave Pot,Planters_and_Urns,"19""","25""",,,,"19"" h x 25"" w",2065.png,667.jpg,Giannini,
2069,Sqr Flower Box,Planters_and_Urns,"11""","24""",,,,"11"" h x 24"" w",2069.png,667.jpg,Giannini,
2070,Rnd Flower Box,Planters_and_Urns,"11""","25""",,,,"11"" h x 25"" w",2070.png,667.jpg,Giannini,
2071,Positano Angel Pot,Planters_and_Urns,"11""","16""",,,,"11"" h x 16"" w",2071.png,667.jpg,Giannini,
2072,Round Trough,Planters_and_Urns,"10""","23""",,,,"10"" h x 23"" w",2072.png,667.jpg,Giannini,
2073,Short Trough,Planters_and_Urns,"10""",,,,,"10"" h x 20"" l",2073.png,667.jpg,Giannini,
2074,Long Trough,Planters_and_Urns,"10""",,,,,"10"" h x 32"" l",2074.png,667.jpg,Giannini,
2075,Villa Doria Urn,Planters_and_Urns,"24""","24""",,,,"24"" h x 24"" w x 14"" sq base",2075.png,668.jpg,Giannini,
2076,Regina Urn,Planters_and_Urns,"22""","24""",,,,"22"" h x 24"" w x 11"" sq base",2076.png,668.jpg,Giannini,
2077,Tulipano Urn,Planters_and_Urns,"28""","23""",,,,"28"" h x 23"" w x 11"" sq base",2077.png,668.jpg,Giannini,
2078,Vineyard Urn sm.,Planters_and_Urns,"21""","28""",,,,"21"" h x 28"" w x 13"" base",2078.png,668.jpg,Giannini,
2079,Villa Elsa Urn with lid,Planters_and_Urns,"38""","23""",,,,"38"" h x 23"" w x 14"" base",2079.png,668.jpg,Giannini,
2080,Villa Elsa Urn,Planters_and_Urns,"26""","23""",,,,"26"" h x 23"" w x 14"" sq base",2080.png,668.jpg,Giannini,
2081,Doric Urn,Planters_and_Urns,"15""","15""",,,,"15"" h x 15"" w",2081.png,668.jpg,Giannini,
2082,Round Roses Pot,Planters_and_Urns,,"22""","18""",,,"18"" b x 22"" w",2082.png,669.jpg,Giannini,
2083,Oval Roses Pot,Planters_and_Urns,,"19""",,,,"18"" h x 27"" l x 19"" w",2083.png,669.jpg,Giannini,
2097,Roses Pot,Planters_and_Urns,,"23""",,,,"17"" h x 23"" w",2097.png,669.jpg,Giannini,
2084,Farnese Trough,Planters_and_Urns,,"18""",,,,"14"" h x 43"" l x 18"" w",2084.png,669.jpg,Giannini,
2085,Murano Planter Box,Planters_and_Urns,,,,,,"14"" h x 45"" l back x 31"" l front",2085.png,669.jpg,Giannini,
2096,Lido Pot,Planters_and_Urns,,"19""",,,,"16"" h x 19"" w",2096.png,669.jpg,Giannini,
2086,Acanto Box Lg,Planters_and_Urns,,"14""","12""",,,"12"" b x 40"" l x 14"" w",2086.png,670.jpg,Giannini,
2087,Acanto Box Md,Planters_and_Urns,,"14""","12""",,,"12"" b x 28"" l x 14"" w",2087.png,670.jpg,Giannini,
2088,Basketweave Box Lg,Planters_and_Urns,,"16""","12""",,,"12"" b x 36"" l x 16"" w",2088.png,670.jpg,Giannini,
2089,Basketweave Box Md,Planters_and_Urns,,"15""","11""",,,"11"" b x 28"" l x 15"" w",2089.png,670.jpg,Giannini,
2090,Flower Box Lg,Planters_and_Urns,,"16""","12""",,,"12"" b x 36"" l x 16"" w",2090.png,670.jpg,Giannini,
2091,Flower Box Md,Planters_and_Urns,,"16""","12""",,,"12"" b x 27"" l x 16"" w",2091.png,670.jpg,Giannini,
2098,Oval Grape Pot,Planters_and_Urns,,"22""","8""",,,"8"" b x 22"" w",2098.png,670.jpg,Giannini,
2095,Venetian Urn,Planters_and_Urns,"28""","23""",,,,"28"" h x 23"" w x 13"" sq base",2095.png,671.jpg,Giannini,
2094,Estate Urn,Planters_and_Urns,"26""","26""",,,,"26"" h x 26"" w x 13"" sq base",2094.png,671.jpg,Giannini,
2092,Rolled Rim Square Pot,Planters_and_Urns,"24""","24""",,,,"24"" h x 24"" w",2092.png,671.jpg,Giannini,
2093,Commercial Tree Planter,Planters_and_Urns,"31""","38""",,,,"31"" h x 38"" w",2093.png,671.jpg,Giannini,
871,Garden Ball,Planters_and_Urns,,,,"10""",,"10"" diam",871.png,671.jpg,Giannini,
2099,Palazzo Urn,Planters_and_Urns,"38""","30""",,,,"38"" h x 30"" w x 16"" square base",2099.png,672.jpg,Giannini,
3105,Palazzo Pedestal,Planters_and_Urns,"29""","23""",,,,"29"" h x 23"" w",3105.png,672.jpg,Giannini,
2100,Tauro Urn,Planters_and_Urns,"41""","29""",,,,"41"" h x 29"" w x 17"" square base",2100.png,673.jpg,Giannini,
3107,Delphi Column,Planters_and_Urns,"39""","8""",,,,"39"" h x 8"" w",3107.png,673.jpg,Giannini,
3108,Athos Column,Planters_and_Urns,"39""","8""",,,,"39"" h x 8"" w",3108.png,673.jpg,Giannini,
3106,Merano Pedestal,Planters_and_Urns,"36""","18""",,,,"36"" h x 18"" w x 18"" square base",3106.png,673.jpg,Giannini,
1318,Giannini Octavius Easy Pond,Ponds_and_Coping,"14""","61""",,,,"82"" O.D. x 61"" I.D. x 14""H",1318.png,1170.jpg,Giannini,
1101,Large Pond,Ponds_and_Coping,"8""","61""",,,,"61""w x 8""h",1101.png,1172.jpg,Giannini,
1102,Medium Pond,Ponds_and_Coping,"8""","48""",,,,"48""w x 8""h",1102.png,1172.jpg,Giannini,
1103,Small Pond,Ponds_and_Coping,"8""","37""",,,,"37""w x 8""h",1103.png,1172.jpg,Giannini,
1106,Medium/Large Pond,Ponds_and_Coping,"8""","54""",,,,"54""w x 8""h",1106.png,1172.jpg,Giannini,
1107,Quadrifoil Pond,Ponds_and_Coping,"10""","58""",,,,"58""w x 10""h x 3""thick border",1107.png,1172.jpg,Giannini,
1300,Provence Pond Medium,Ponds_and_Coping,"12""","66""",,,,"66""w x 12""h",1300.png,1172.jpg,Giannini,
1301,Provence Pond Large,Ponds_and_Coping,"13""","70""",,,,"70""w x 13""h",1301.png,1172.jpg,Giannini,
1305,Provence Pond Small,Ponds_and_Coping,"10""","58""",,,,"58""w x 10""h",1305.png,1172.jpg,Giannini,
1307,Provence Pond,Ponds_and_Coping,"12""","51""",,,,"51""w x 12""h",1307.png,1172.jpg,Giannini,
1306,Monaco Pond,Ponds_and_Coping,"12""","59""",,,,"59""w x 12""h",1306.png,1172.jpg,Giannini,
1680-PND,Calanthia Two Tier Fountain with Lotus Finial for Pond,Ponds_and_Coping,"85""","48""",,,,"85""H x 48""W",1680-PND.png,1173.jpg,Giannini,
1313,Viginti Pond Coping with Step,Ponds_and_Coping,"20""","126""",,,,"20""H x 126""W (O.D.)",1313.png,1173.jpg,Giannini,
1108,Romana Coping,Ponds_and_Coping,"16""","8""",,,,"16"" h x 8"" w x 48"" l each section",1108.png,1174.jpg,Giannini,
1109,Tuscania Coping,Ponds_and_Coping,"17""","8""",,,,"17"" h x 8"" w 48"" l each section",1109.png,1174.jpg,Giannini,
1110,Classico Coping,Ponds_and_Coping,,"8""","14""",,,"14"" b x 8"" w x 45"" l each section",1110.png,1175.jpg,Giannini,
1111,Venice Coping,Ponds_and_Coping,,"8""","14""",,,"14"" b x 8"" w x 45"" l each section",1111.png,1175.jpg,Giannini,
1112,Regina Coping,Ponds_and_Coping,,"8""","13""",,,"13"" b x 8"" w x 45"" l each section",1112.png,1175.jpg,Giannini,
1303,Gardenia Coping,Ponds_and_Coping,,"132""","17""",,,"128"" w at top x 17"" b 132"" w at bottom",1303.png,1176.jpg,Giannini,
1304,Gardenia Coping with 8 planters,Ponds_and_Coping,,"158""","17""",,,"17""b Coping with Planters measures 158""w",1304.png,1176.jpg,Giannini,
1201,Acquarossa Three Tier Fountain for Pond,Ponds_and_Coping,"96""","58""",,,,"96""h x 58""w",1201.png,1177.jpg,Giannini,
1303,Gardenia Coping,Ponds_and_Coping,"14""","132""",,,,"128""w x 14""h top 132""w bottom",1303.png,1177.jpg,Giannini,
1304,Gardenia Coping with planters,Ponds_and_Coping,"17""","158""",,,,"17""h 158""w including planters",1304.png,1177.jpg,Giannini,
1312,Loire Pond Coping (8 Piece Coping),Ponds_and_Coping,,"84""W (7'",,,,"84""W (7' Diameter)",1312.png,1178.jpg,Giannini,
1317,Giannini Grand Easy Pond,Ponds_and_Coping,"14""","66"" I.D.",,,,"80"" O.D. x 66"" I.D. x 14""H",1317.png,1180.jpg,Giannini,
1316,Giannini Easy Pond.,Ponds_and_Coping,"14""","84""",,,,"14""h x 84""w",1316.png,1181.jpg,Giannini,
1101,Large Pond,extracted,,"61""w",,,,"61""w x 8""b",1101.png,1101.jpg,Giannini,
1101,Large Pond,extracted,,"61""w x 8""b",,,,"61""w x 8""b",1101.png,1102.jpg,Giannini,
1102,Medium Pond,extracted,,"48""w x 8""b",,,,"48""w x 8""b",1102.png,1102.jpg,Giannini,
1103,Small Pond,extracted,,,,,,,1103.png,1102.jpg,Giannini,
1101,Large Pond,extracted,,"61""w",,,,"61""w x 8""h",1101.png,1103.jpg,Giannini,
1102,Medium Pond,extracted,,"48""w",,,,"48""w x 8""h",1102.png,1103.jpg,Giannini,
1103,Small Pond,extracted,,"37""w",,,,"37""w x 8""h",1103.png,1103.jpg,Giannini,
1106,Medium/Large Pond,extracted,,"54""w",,,,"54""w x 8""h",1106.png,1103.jpg,Giannini,
1101,Large Pond,extracted,,"61""w",,,,"61""w x 8""h",1101.png,1106.jpg,Giannini,
1102,Medium Pond,extracted,,"48""w",,,,"48""w x 8""h",1102.png,1106.jpg,Giannini,
1103,Small Pond,extracted,,"37""w",,,,"37""w x 8""h",1103.png,1106.jpg,Giannini,
1106,Medium/Large Pond,extracted,,"54""w",,,,"54""w x 8""h",1106.png,1106.jpg,Giannini,
1106,Medium/Large Pond,extracted,,"54""w x 8""b",,,,"54""w x 8""b",1106.png,1107.jpg,Giannini,
1107,Quadrifoil Pond,extracted,,"58""w x 10""b x 3""thick border",,,,"58""w x 10""b x 3""thick border",1107.png,1107.jpg,Giannini,
1112,Regina Coping,extracted,,"8""","13""",,,"13"" b x 8"" w x 45"" l",1112.png,1112.jpg,Giannini,
1201,Acquarossa Three Tier Fountain for Pond,extracted,"96""","58""",,,,"96""h x 58""w",1201.png,1201.jpg,Giannini,
1303,Gardenia Coping,extracted,,,,,,"128"" w at top x 17"" b 132"" w at bottom",1303.png,128.jpg,Giannini,
1107,Quadrifoil Pond,extracted,,"58""",,,,"58""w x 10""h x 3""thick border",1107.png,1300.jpg,Giannini,
1300,Provence Pond Medium,extracted,,"66""",,,,"66""w x 12""h",1300.png,1300.jpg,Giannini,
1301,Provence Pond Large,extracted,,"70""",,,,"70""w x 13""h",1301.png,1300.jpg,Giannini,
1107,Quadrifoil Pond,extracted,"10""","58""",,,,"58""w x 10""h x 3"" thick border",1107.png,1301.jpg,Giannini,
1300,Provence Pond Medium,extracted,"12""","66""",,,,"66""w x 12""h",1300.png,1301.jpg,Giannini,
1301,Provence Pond Large,extracted,"13""","70""",,,,"70""w x 13""h",1301.png,1301.jpg,Giannini,
1305,Provence Pond Small,extracted,"10""","58""",,,,"58""w x 10""h",1305.png,1301.jpg,Giannini,
1303,Gardenia Coping,extracted,,,,,,"128"" w at top x 17"" b 132"" w at bottom",1303.png,1303.jpg,Giannini,
1304,Gardenia,extracted,,"158""","17""",,,"17""b 158""w",1304.png,1304.jpg,Giannini,
na,Provence Pond Medium,extracted,,"66""w x 12""b",,,,"66""w x 12""b",na.png,1305.jpg,Giannini,
1301,Provence Pond Large,extracted,,"70""w x 13""b",,,,"70""w x 13""b",1301.png,1305.jpg,Giannini,
1305,Provence Pond Small,extracted,,"58""w x 10""b",,,,"58""w x 10""b",1305.png,1305.jpg,Giannini,
1307,Provence Pond,extracted,,"51""w x 12""b",,,,"51""w x 12""b",1307.png,1305.jpg,Giannini,
1306,Monaco Pond,extracted,,"59""w",,,,"59""w x 12""b",1306.png,1306.jpg,Giannini,
1305,Provence Pond Sma,extracted,,"58""w x 10""b",,,,"58""w x 10""b",1305.png,1307.jpg,Giannini,
1307,Provence Pond,extracted,,"51""w x 12""b",,,,"51""w x 12""b",1307.png,1307.jpg,Giannini,
None,Provence Pond Large,extracted,,"70""w x 13""b",,,,"70""w x 13""b",None.png,1307.jpg,Giannini,
1312,Loire Pond Coping (8 Piece Coping),extracted,,"84""W",,,,"84""W (7' Diameter)",1312.png,1312.jpg,Giannini,
None,Calanthia Two Tier Lotus Finial for Pond,extracted,NoneH,"48""W",,,,"NoneH x 48""W",None.png,1313.jpg,Giannini,
1313,Viginti Pond Coping with Step,extracted,"20""H","126""W (O.D.)",,,,"20""H x 126""W (O.D.)",1313.png,1313.jpg,Giannini,
1316,Giannini Easy Pond.,extracted,"14""","84""",,,,"14""h x 84""w",1316.png,1316.jpg,Giannini,
1303,Gardenia Coping,extracted,"17""","132""",,,,"128"" w at top x 17"" h 132"" w at bottom",1303.png,132.jpg,Giannini,
